{"feature_names": ["account", "alert", "authenticate", "bank", "confirm", "has_https", "has_ip", "login", "password", "payment", "secure", "security", "signin", "suspicious", "suspicious_tld", "transaction", "unusual", "update", "validate", "verify"], "class_log_prior": [-0.33538153201713605, -1.255494946046566], "feature_log_prob": [[-3.1004276744550063, -3.9930642154312714, -8.336869637284956, -1.215617184040414, -4.64799018317102, -6.950575276165065, -3.7621586587815727, -3.8042701441316993, -4.9356722556228, -4.552680003366694, -3.6829092871274325, -2.6431374984822558, -4.5082282407958605, -7.2382573486168456, -0.9697925774039433, -4.3856259187035285, -5.851962987496956, -2.799535370266419, -7.64372245672501, -6.1396450599487356], [-2.7585800238473315, -5.825676783609294, -8.506698312323586, -3.8320020636868835, -3.488756443044891, -4.143599687535223, -2.0369829873817906, -1.039956014468439, -6.204113219329539, -5.063080214777478, -2.4185608779553416, -3.6186073709854236, -4.157711531727903, -6.4785500650313, -2.0422657840058527, -7.441987575331156, -10.116136224757685, -2.5670535139453996, -5.082435657730434, -3.6201156668973082]]}